"","2016","2017","2018","2019","2020","2021","2022","2023","2024","2025","TTM","Total"
"Company Revenues","","","","","","","","","","","",""
"Revenues","1,861.747","2,794.044","3,888.185","3,888.185","3,888.185","209.1","552.748","465.777","41.427","1,074.865","1,411.494","-42.27%"
"Growth","0.00%","50.08%","39.16%","0.00%","0.00%","-94.62%","164.35%","-15.73%","-91.11%","2494.60%","31.32%","254.67%"
"Cost Of Revenue","1,379.838","1,342.691","1,475.969","1,475.969","1,475.969","0","0","0","0","0","1,850.404","-100.00%"
"Gross Profit","481.909","1,451.353","2,412.216","2,412.216","2,412.216","209.1","552.748","465.777","41.427","1,074.865","-438.91","123.04%"
"Gross Profit Ratio","25.88","51.94","62.04","62.04","62.04","100.00","100.00","100.00","100.00","100.00","-31.10%",""
"Net Income","","","","","","","","","","","",""
"Net Income","-13,224.684","-12,797.797","-16,322.779","-11,434.632","-19,148.122","-15,669.093","-21,036.69","-20,267.365","-56,695.823","-62,963.213","-81,648.857","-376.10%"
"Growth","-9.57%","3.23%","-27.54%","29.95%","-67.46%","18.17%","-34.26%","3.66%","-179.74%","-11.05%","29.68%","-27.46%"
"Net Income Ratio","-710.34%","-458.04%","-419.80%","-294.09%","-492.47%","-7493.59%","-3805.84%","-4351.30%","-136857.18%","-5857.78%","-5784.57%",""
"EPS","","","","","","","","","","","",""
"Basic EPS","$-0.6","$-0.49","$-0.58","$-0.4","$-0.66","$-0.51","$-0.57","$-0.51","$-0.94","$-0.68","$-0.854","-13.33%"
"Growth","7.69%","18.33%","-18.37%","31.03%","-65.00%","22.73%","-11.76%","10.53%","-84.31%","27.66%","25.54%","-6.15%"
"Diluted EPS","$-0.6","$-0.49","$-0.58","$-0.4","$-0.66","$-0.51","$-0.57","$-0.51","$-0.94","$-0.68","$-0.854","-13.33%"
"Growth","7.69%","18.33%","-18.37%","31.03%","-65.00%","22.73%","-11.76%","10.53%","-84.31%","27.66%","25.54%","-6.15%"
"Ebitda","","","","","","","","","","","",""
"Ebitda","-12,083.245","-7,726.599","-7,847.183","-10,530.707","-14,653.308","-14,203.952","-19,693.794","-18,275.022","-54,572.955","-59,503.268","-83,516.938","-392.44%"
"Growth","-0.11%","36.06%","-1.56%","-34.20%","-39.15%","3.07%","-38.65%","7.20%","-198.62%","-9.03%","40.36%","-27.50%"
"Ebitda Ratio","-649.03","-276.54","-201.82","-270.84","-376.87","-6792.90","-3562.89","-3923.56","-131732.82","-5535.88","-5916.92%",""
"Outstanding Shares","","","","","","","","","","","",""
"Outstanding Shares","22,006","25,977","28,074","28,822","29,170","34,546","36,740","40,100","60,247","93,156","81,054","323.32%"
"Growth","18.89%","18.05%","8.07%","2.66%","1.21%","18.43%","6.35%","9.15%","50.24%","54.62%","-12.99%","18.77%"
"Outstanding Shares Diluted","22,006","25,977","28,210","28,822","29,170","34,546","36,740","40,100","60,247","93,156","81,054","323.32%"
"Growth","18.89%","18.05%","8.59%","2.17%","1.21%","18.43%","6.35%","9.15%","50.24%","54.62%","-12.99%","18.77%"
"Operating Expenses & Income","","","","","","","","","","","",""
"Selling General & Admin Expenses","9,739.01","8,595.581","9,126.58","6,453.713","7,324.895","7,955.006","8,223.113","8,873.015","10,249.427","13,538.284","22,944.677","39.01%"
"R&D Expenses","2,893.016","5,442.873","8,692.804","2,083.815","6,634.317","8,165.128","10,746.743","10,077.93","11,334.641","18,084.303","19,410.53","525.10%"
"Operating Expenses","14,086.72","14,547.09","18,876.218","8,770.662","14,772.315","15,878.193","20,263.014","20,873.085","30,106.062","34,938.486","45,353.998","148.02%"
"Operating Income","-13,715.071","-13,095.737","-16,620.719","-9,143.002","-18,169.07","-15,669.093","-19,710.266","-20,407.308","-30,064.635","-33,863.621","-45,792.908","-146.91%"
"Operating Income Ratio","-736.68","-468.70","-427.47","-235.15","-467.29","-7493.59","-3565.87","-4381.35","-72572.56","-3150.50","-3244.29%",""
"Earnings from Operations","","","","","","","","","","","",""
"Interest Expense","0","0","0","819.911","937.903","364.619","49.738","70.182","102.673","144.046","158.285","144.05%"
"Interest Income","0","0","0","10.785","43.321","0","0","0","0","0","5,501.393","0.00%"
"Other Expenses","1,454.694","508.636","1,056.834","233.134","813.103","-241.941","1,293.158","1,922.14","8,521.994","3,315.899","2,998.791","127.94%"
"Income Before Tax","-13,431.941","-13,095.737","-16,620.719","-11,727.372","-18,169.07","-15,669.093","-21,036.69","-20,267.365","-56,695.823","-62,963.213","-81,648.857","-368.76%"
"Income Tax Expense","-207.257","-297.94","-297.94","-292.74","979.052","0","0","0","0","0","0","100.00%"
"Cost And Expenses","15,466.558","15,889.781","20,352.187","8,770.662","14,772.315","15,878.193","20,263.014","20,873.085","30,106.062","34,938.486","47,204.402","125.90%"