"","2019","2020","2021","2022","2023","2024","2025","Last Report","Total"
"Assets","","","","","","","","",""
"Total Current Assets","1,623.987","23,717.465","14,623","154,467","107,667","206,758","454,760","414,390","27902.69%"
"Other Current Assets","1,126.305","1,035.703","1,351","7,871","2,709","12,237","8,698","16,816","672.26%"
"Inventory","0","0","0","2,971","0","0","0","0","0.00%"
"Other Non-Current Assets","444.249","446.497","3,614","129","129","325","2,031","4,026","357.18%"
"Total Non-Current Assets","25,861.207","25,964.624","31,805","48,975","52,246","78,029","211,814","233,843","719.04%"
"Total Assets","27,485.194","49,682.089","46,428","203,442","159,913","284,787","666,574","648,233","2325.21%"
"Growth","0.00%","80.76%","-6.55%","338.19%","-21.40%","78.09%","134.06%","-2.75%","67.02%"
"Liabilities","","","","","","","","",""
"Total Current Liabilities","34,802.766","3,203.05","7,567","21,752","29,052","11,867","12,152","105,057","-65.08%"
"Other Current Liabilities","2,956.864","1,151.754","4,036","7,044","6,524","7,614","5,582","85,083","88.78%"
"Other Non-Current Liabilities","121,095.094","81,904.441","4,650","2,973","5,082","138,992","102,593","0","-15.28%"
"Total Non-Current Liabilities","121,095.094","81,904.441","28,866","31,466","21,273","146,331","108,223","5,742","-10.63%"
"Long Term Debt","0","0","24,216","28,493","16,191","6,641","4,932","5,044","4932.00%"
"Total Liabilities","155,897.86","85,107.491","36,433","53,218","50,325","158,198","120,375","110,799","-22.79%"
"Supplemental Items","","","","","","","","",""
"Common Stock","0.008","0.021","2","12","14","29","33","33","412400.00%"
"Employees","","","4","144","134","137","162","",""
"Net Debt","26,583.752","-22,202.388","13,062","-18,747","9,173","-58,874","-37,684","-20,062","-241.76%"
"Short Term Debt","26,892.459","0","575","10,648","14,374","4,318","2,235","2,657","-91.69%"
"Total Debt","26,892.459","0","24,791","39,141","30,565","8,800","7,167","7,701","-73.35%"
"Cash And Cash Equivalents","308.707","22,202.388","11,729","57,888","21,392","67,674","44,851","27,763","14428.66%"
"Short Term Investments","0","0","0","84,923","78,537","124,420","398,660","365,946","398660.00%"
"Cash And Short Term Investments","308.707","22,202.388","11,729","142,811","99,929","192,094","443,511","393,709","143567.30%"