"","2019","2020","2021","2022","2023","2024","2025","TTM","Total"
"Company Revenues","","","","","","","","",""
"Revenues","735.482","5,542.598","8,196","13,102","12,008","10,790","7,088","13,353","863.72%"
"Growth","0.00%","653.60%","47.87%","59.86%","-8.35%","-10.14%","-34.31%","88.39%","101.22%"
"Cost Of Revenue","288.162","1,491.61","6,274","2,873","2,800","5,093","13,193","13,718","4478.33%"
"Gross Profit","447.32","4,050.988","1,922","10,229","9,208","5,697","-6,105","-365","-1464.79%"
"Gross Profit Ratio","60.82","73.09","23.45","78.07","76.68","52.80","-86.13","-2.73%",""
"Net Income","","","","","","","","",""
"Net Income","-53,816.321","-17,205.476","-38,241","-71,521","-75,107","-200,988","-216,210","-238,672","-301.76%"
"Growth","0.00%","68.03%","-122.26%","-87.03%","-5.01%","-167.60%","-7.57%","10.39%","-45.92%"
"Net Income Ratio","-7317.15%","-310.42%","-466.58%","-545.88%","-625.47%","-1862.72%","-3050.37%","-1787.40%",""
"EPS","","","","","","","","",""
"Basic EPS","$-0.48","$-0.4","$-2.1","$-0.7","$-0.57","$-1.09","$-0.7","$-0.735","-45.83%"
"Growth","0.00%","16.67%","-425.00%","66.67%","18.57%","-91.23%","35.78%","5.01%","-54.08%"
"Diluted EPS","$-0.48","$-0.4","$-2.1","$-0.7","$-0.57","$-1.09","$-0.7","$-0.897","-45.83%"
"Growth","0.00%","16.67%","-425.00%","66.67%","18.57%","-91.23%","35.78%","28.07%","-54.08%"
"Ebitda","","","","","","","","",""
"Ebitda","-43,760.1","-30,792.384","-31,125","-59,218","-61,902","-190,827","-208,041","-231,611","-375.41%"
"Growth","0.00%","29.63%","-1.08%","-90.26%","-4.53%","-208.27%","-9.02%","11.33%","-40.50%"
"Ebitda Ratio","-5949.85","-555.56","-379.76","-451.98","-515.51","-1768.55","-2935.12","-1734.52%",""
"Outstanding Shares","","","","","","","","",""
"Outstanding Shares","113,810","43,125","18,221","102,301","131,977","184,666","309,763","325,024","172.18%"
"Growth","0.00%","-62.11%","-57.75%","461.44%","29.01%","39.92%","67.74%","4.93%","68.32%"
"Outstanding Shares Diluted","113,810","43,125","18,221","102,301","131,977","184,666","309,763","325,024","172.18%"
"Growth","0.00%","-62.11%","-57.75%","461.44%","29.01%","39.92%","67.74%","4.93%","68.32%"
"Operating Expenses & Income","","","","","","","","",""
"Selling General & Admin Expenses","18,703.643","15,043.3","15,026.181","53,980","27,744","24,457","17,210","17,808","-7.99%"
"R&D Expenses","29,445.636","24,099.335","26,928","59,952","52,768","49,750","61,345","73,053","108.33%"
"Operating Expenses","48,149.279","39,142.635","36,051","119,309","81,503","74,207","78,555","96,794","63.15%"
"Operating Income","-47,701.959","-35,091.647","-34,129","-109,080","-72,295","-68,510","-84,660","-97,159","-77.48%"
"Operating Income Ratio","-6485.81","-633.13","-416.41","-832.54","-602.06","-634.94","-1194.41","-727.62%",""
"Earnings from Operations","","","","","","","","",""
"Interest Expense","0","0","2,465","5,286","5,779","3,255","0","0","0.00%"
"Interest Income","670.848","0","10","2,433","5,076","5,113","16,561","21,788","2368.67%"
"Other Expenses","0","0","-5,903.181","5,377","991","0","0","5,933","0.00%"
"Income Before Tax","-53,816.321","-26,127.496","-38,241","-71,521","-75,107","-200,988","-216,210","-238,672","-301.76%"
"Income Tax Expense","0","0","0","0","0","0","0","0","0.00%"
"Cost And Expenses","48,437.441","40,634.245","42,325","122,182","84,303","79,300","91,748","110,512","89.42%"