"","2017","2018","2019","2020","2021","2022","2023","2024","2025","Last Report","Total"
"Assets","","","","","","","","","","",""
"Total Current Assets","8,485","3,295","6,550","9,168","287,127","69,088","129,984","213,709","826,465","896,466","9640.31%"
"Other Current Assets","3,017","1,362","565","1,652","93,915","16,289","44,527","56,721.702","238,856","167,082","7817.00%"
"Inventory","431","124","135","169","548","588","705","1,179.298","8,676","8,853","1912.99%"
"Other Non-Current Assets","0","1,063","1,497","942","86,681","5,955","44,714","26,469","94,083","217,174","94083.00%"
"Total Non-Current Assets","26,063","22,938","46,306","42,536","255,460","274,010","248,741","453,907","469,879","519,300","1702.86%"
"Total Assets","34,548","26,233","52,856","51,704","542,587","343,098","378,725","667,616","1,296,344","1,415,766","3652.30%"
"Growth","0.00%","-24.07%","101.49%","-2.18%","949.41%","-36.77%","10.38%","76.28%","94.18%","9.21%","106.25%"
"Liabilities","","","","","","","","","","",""
"Total Current Liabilities","5,735","4,656","4,009","28,477","164,753","67,413","69,154","36,270","148,112","55,122","2482.60%"
"Other Current Liabilities","0","201","102","5,305","63,575","7,813","52,093.68","12,120","33,094","0","33094.00%"
"Other Non-Current Liabilities","207","232","193","209","239","1,979","1,816","2,106","2,761","1,937","1233.82%"
"Total Non-Current Liabilities","909","925","20,759","7,780","18,827","20,287","14,809","23,351","587,857","1,031,928","64570.74%"
"Long Term Debt","0","693","20,566","7,571","10,137","18,308","12,993","21,180","585,031","1,029,926","585031.00%"
"Total Liabilities","6,644","5,581","24,768","36,257","183,580","87,700","83,963","59,621","735,969","1,087,050","10977.20%"
"Supplemental Items","","","","","","","","","","",""
"Common Stock","115","162","30,475","32,004","354,707","404,934","535,009","852,286","1,064,571.999","617","925614.78%"
"Employees","","","","","0","0","274","197","274","",""
"Net Debt","-4,518","1,166","20,027","22,421","-40,853","34,202","-64,166","-36,127","110,316","322,839","2541.70%"
"Short Term Debt","0","1,025","1,620","20,797","74,605","46,703","6,879","2,235","98,747","8,429","98747.00%"
"Total Debt","0","1,718","22,186","28,368","84,742","65,011","19,872","23,415","683,778","1,038,355","683778.00%"
"Cash And Cash Equivalents","4,518","552","2,159","5,947","125,595","30,809","84,038","59,542","573,462","715,516","12592.83%"
"Short Term Investments","0","0","0","0","66,031","4,635","0","87,298","0","0","0.00%"
"Cash And Short Term Investments","4,518","552","2,159","5,947","191,626","35,444","84,038","146,840","573,462","715,516","12592.83%"