"","2017","2018","2019","2020","2021","2022","2023","2024","2025","TTM","Total"
"Operating Cash Flow","","","","","","","","","","",""
"Depreciation & Amortization","1,146.811","12,548","6,843","11,486","24,476","72,420","84,785","140,967","122,630","167,772","10593.13%"
"Deferred Income Tax","727.246","-1,229","-1,605","1,442","8,842","-32,369","17,092","-15,800","406","3,013","-44.17%"
"Stock Based Compensation","0","746","2,873","2,201","22,585","21,788","10,915","13,949","14,984","20,444","14984.00%"
"Other Non-Cash Items","-5.179","20,094","-1,172","5,140","-130,593","217,439","-110,816","-216,399","-81,181","1,774","-1567403.38%"
"Change In Working Capital","994.524","-162","-3,026","3,243","15,390","-3,978","1,235","-9,216","1,111","-13,933","11.71%"
"Cash from Operations","7,944.801","13,761","6,020","7,223","-37,170","36,250","-105,711","-140,562","-226,594","-251,103","-2952.10%"
"Investing Cash Flow","","","","","","","","","","",""
"Capital Expenditure","-14,186.48","-22,791","-23,778","-4,484","-193,256","-194,978","-71,305","-339,854","-100,297","-86,876","-606.99%"
"Cash Acquisitions","0","569","1,446.873","925.434","-23,000","10,083.961","0","0","-48,084","-46,663","-48084.00%"
"Purchases Of Investments","0","0","0","0","-6,692","-193,967","-36,262","-51,936","-33,975","51,708","-33975.00%"
"Other Investing Activites","0","145","-32.873","-46.434","-5,040","416.039","717","5,460","252,138","261,571","252138.00%"
"Cash from Investing","-14,186.48","-22,077","-22,364","-3,605","-215,147","-155,011","70,966","-178,387","103,744","-11,176","831.29%"
"Financing Cash Flow","","","","","","","","","","",""
"Debt Repayment","0","1,390","12,938","-1,866","49,495","29,903","-34,179","-4,669","664,864","-159,791","664864.00%"
"Dividends Paid","0","0","0","0","0","0","0","0","0","0","0.00%"
"Common Stock Repurchased","0","0","0","0","0","0","0","0","-9,954","-9,954","-9954.00%"
"Common Stock Issued","10,922.16","2,942","4,936","54","259,174","54,086","109,074","289,534","108,458","-23,166.083","893.01%"
"Other Financing Activites","0","0","100","1,997","63,317","-59,979","12,983","9,597","-69,090","1,103,234.083","-69090.00%"
"Cash from Financing","10,922.16","4,332","17,974","185","371,986","24,010","87,878","294,462","694,278","920,726","6256.60%"
"Supplementary Data","","","","","","","","","","",""
"Free Cash Flow","-6,241.679","-9,030","-17,758","2,739","-230,426","-158,728","-177,016","-480,416","-326,891","-337,979","0%"
"Growth","0.00%","-44.67%","-96.66%","115.42%","-8512.78%","31.12%","-11.52%","-171.40%","31.96%","3.39%","-787.14%"