"","2020","2021","2022","2023","2024","2025","2026","Last Report","Total"
"Assets","","","","","","","","",""
"Total Current Assets","60,322","125,427","551,520","475,655","370,151","302,225","775,362","848,978","1185.37%"
"Other Current Assets","10,918","7,134","16,385","27,943","27,924","17,719","44,984","46,299","312.02%"
"Inventory","0","0","0","0","0","0","6,118","9,343","6118.00%"
"Other Non-Current Assets","4,864","5,497","8,457","9,578","12,401","26,269","35,078","35,534","621.18%"
"Total Non-Current Assets","302,668","273,881","269,921","277,068","331,846","331,571","370,324","402,453","22.35%"
"Total Assets","362,990","399,308","821,441","752,723","701,997","633,796","1,145,686","1,251,431","215.62%"
"Growth","0.00%","10.01%","105.72%","-8.37%","-6.74%","-9.72%","80.77%","9.23%","19.07%"
"Liabilities","","","","","","","","",""
"Total Current Liabilities","71,214","108,814","132,041","122,257","136,649","142,078","469,455","302,549","559.22%"
"Other Current Liabilities","20,941","40,713","61,227","56,300","50,591","45,186","230,975","59,435","1002.98%"
"Other Non-Current Liabilities","27,483","-9,675","37,576","34,335","25,085","26,858","5,094","20,535","-81.46%"
"Total Non-Current Liabilities","74,139","182,983","41,155","54,362","47,330","50,432","487,800","505,178","557.95%"
"Long Term Debt","46,656","118,566","0","17,145","16,952","12,392","455,184","484,643","875.62%"
"Total Liabilities","145,353","291,797","173,196","176,619","183,979","192,510","957,255","807,727","558.57%"
"Supplemental Items","","","","","","","","",""
"Common Stock","1","1","27","27","28","28","34","36","3300.00%"
"Employees","","","800","1,100","1,180","970","1,000","",""
"Net Debt","35,782","92,673","-490,762","-159,862","-58,936","-103,033","232,397","119,049","549.48%"
"Short Term Debt","10,804","-53,842","0","4,885","7,978","9,221","7,296","3,392","-32.47%"
"Total Debt","57,460","163,856","0","22,030","24,930","21,613","462,480","488,035","704.87%"
"Cash And Cash Equivalents","21,678","71,183","490,762","181,892","83,866","124,646","230,083","368,986","961.37%"
"Short Term Investments","0","0","0","226,868","215,041","104,027","410,649","362,745","410649.00%"
"Cash And Short Term Investments","21,678","71,183","490,762","408,760","298,907","228,673","640,732","731,731","2855.68%"