"","2020","2021","2022","2023","2024","2025","2026","TTM","Total"
"Company Revenues","","","","","","","","",""
"Revenues","95,736","113,168","131,209","191,256","220,696","244,352","307,727","335,612","221.43%"
"Growth","0.00%","18.21%","15.94%","45.76%","15.39%","10.72%","25.94%","9.06%","18.85%"
"Cost Of Revenue","102,393","87,383","82,987","97,248","107,746","104,627","135,242","149,329","32.08%"
"Gross Profit","-6,657","25,785","48,222","94,008","112,950","139,725","172,485","186,283","2691.03%"
"Gross Profit Ratio","-6.95","22.78","36.75","49.15","51.18","57.18","56.05","55.51%",""
"Net Income","","","","","","","","",""
"Net Income","-123,714","-127,103","-137,124","-161,966","-140,509","-123,196","-246,860","-373,104","-99.54%"
"Growth","0.00%","-2.74%","-7.88%","-18.12%","13.25%","12.32%","-100.38%","51.14%","-14.79%"
"Net Income Ratio","-129.22%","-112.31%","-104.51%","-84.69%","-63.67%","-50.42%","-80.22%","-111.17%",""
"EPS","","","","","","","","",""
"Basic EPS","$-2.87","$-2.95","$-0.52","$-0.61","$-0.5","$-0.42","$-0.8","$-1.144","72.13%"
"Growth","0.00%","-2.79%","82.37%","-17.31%","18.03%","16.00%","-90.48%","43.04%","0.83%"
"Diluted EPS","$-2.87","$-2.95","$-0.52","$-0.61","$-0.5","$-0.42","$-0.8","$-1.144","72.13%"
"Growth","0.00%","-2.79%","82.37%","-17.31%","18.03%","16.00%","-90.48%","43.04%","0.83%"
"Ebitda","","","","","","","","",""
"Ebitda","-39,038","-54,383","-81,142","-117,789","-92,055","-57,070","-95,073","-124,398","-143.54%"
"Growth","0.00%","-39.31%","-49.20%","-45.16%","21.85%","38.00%","-66.59%","30.84%","-20.06%"
"Ebitda Ratio","-40.78","-48.06","-61.84","-61.59","-41.71","-23.36","-30.90","-37.07%",""
"Outstanding Shares","","","","","","","","",""
"Outstanding Shares","43,125","43,125","262,175","267,127","279,586","292,124","307,799","304,129","613.74%"
"Growth","0.00%","0.00%","507.94%","1.89%","4.66%","4.48%","5.37%","-1.19%","74.91%"
"Outstanding Shares Diluted","43,125","43,125","262,175","267,127","279,586","292,124","307,799","304,129","613.74%"
"Growth","0.00%","0.00%","507.94%","1.89%","4.66%","4.48%","5.37%","-1.19%","74.91%"
"Operating Expenses & Income","","","","","","","","",""
"Selling General & Admin Expenses","61,932","69,402","109,589","158,767","166,359","154,841","160,809","176,378","159.65%"
"R&D Expenses","37,871","43,825","66,684","110,916","116,339","101,006","106,749","117,095","181.88%"
"Operating Expenses","99,803","113,227","176,273","269,683","282,698","255,847","267,558","293,473","168.09%"
"Operating Income","-106,460","-87,442","-128,051","-175,675","-169,748","-116,122","-95,073","-107,190","10.70%"
"Operating Income Ratio","-111.20","-77.27","-97.59","-91.85","-76.91","-47.52","-30.90","-31.94%",""
"Earnings from Operations","","","","","","","","",""
"Interest Expense","6,946","9,447","8,772","0","0","0","3,436","4,057","-50.53%"
"Interest Income","0","53","21","7,672","15,414","10,257","14,329","17,598","14329.00%"
"Other Expenses","0","239","0","330","0","0","0","0","0.00%"
"Income Before Tax","-123,584","-126,030","-135,014","-161,119","-139,694","-120,736","-242,205","-368,366","-95.98%"
"Income Tax Expense","130","1,073","2,110","847","815","2,460","4,655","4,738","3480.77%"
"Cost And Expenses","202,196","200,610","259,260","366,931","390,444","360,474","402,800","442,802","99.21%"