"","2016","2017","2018","2019","2020","2021","2022","2023","2024","2025","Last Report","Total"
"Assets","","","","","","","","","","","",""
"Total Current Assets","4,239,573","4,611,255","4,635,869","5,028,685","6,811,872","6,415,303","6,627,984","6,779,426","7,306,759","8,341,379","8,934,569","96.75%"
"Other Current Assets","130,243","155,166","216,239","224,277","223,001","225,763","220,714","217,844","307,794","373,751","356,860","186.96%"
"Inventory","3,631,916","3,882,086","3,943,670","4,319,113","4,473,282","4,639,813","5,638,004","5,764,143","6,155,218","7,025,688","7,559,056","93.44%"
"Other Non-Current Assets","137,237","137,814","145,657","133,355","190,614","181,605","203,131","223,160","242,126","335,692","336,182","144.61%"
"Total Non-Current Assets","4,360,214","4,648,526","4,711,111","4,867,228","7,612,000","8,100,896","8,647,059","9,206,452","9,869,779","11,013,945","11,981,894","152.60%"
"Total Assets","8,599,787","9,259,781","9,346,980","9,895,913","14,423,872","14,516,199","15,275,043","15,985,878","17,176,538","19,355,324","20,916,463","125.07%"
"Growth","6.08%","7.67%","0.94%","5.87%","45.76%","0.64%","5.23%","4.65%","7.45%","12.68%","8.07%","8.08%"
"Liabilities","","","","","","","","","","","",""
"Total Current Liabilities","4,690,320","4,766,301","5,028,681","5,512,141","6,283,091","7,369,754","8,588,393","8,511,856","8,714,243","9,519,397","10,035,313","102.96%"
"Other Current Liabilities","411,498","416,387","448,554","443,314","638,974","814,025","762,519","748,194","754,870","876,694","1,297,696","113.05%"
"Other Non-Current Liabilities","488,386","469,508","547,520","579,299","649,641","704,194","731,614","702,043","780,287","836,019","887,153","71.18%"
"Total Non-Current Liabilities","5,697,005","5,921,857","5,838,654","6,097,623","9,018,758","8,943,981","10,225,563","11,823,916","13,211,909","13,250,240","13,665,702","132.58%"
"Long Term Debt","4,924,119","5,081,238","5,005,930","5,206,344","8,014,931","7,902,662","8,960,065","10,585,595","11,984,555","11,893,711","12,294,831","141.54%"
"Total Liabilities","10,387,325","10,688,158","10,867,335","11,609,764","15,301,849","16,313,735","18,813,956","20,335,772","21,926,152","22,769,637","23,701,015","119.21%"
"Supplemental Items","","","","","","","","","","","",""
"Common Stock","303","287","275","254","237","230","207","189","175","169","166","-44.22%"
"Employees","84,000","87,000","90,000","96,000","100,000","100,000","112,000","119,000","126,000","130,000","",""
"Net Debt","4,779,219","4,836,102","4,840,396","5,086,290","6,555,460","7,057,827","9,031,969","10,652,713","12,068,797","12,016,993","12,377,442","151.44%"
"Short Term Debt","44,834","48,134","52,290","56,246","291,344","326,500","336,284","344,172","382,414","395,085","336,340","781.22%"
"Total Debt","4,968,953","5,129,372","5,058,220","5,262,590","8,306,275","8,229,162","9,296,349","10,929,767","12,366,969","12,288,796","12,631,171","147.31%"
"Cash And Cash Equivalents","189,734","293,270","217,824","176,300","1,750,815","1,171,335","264,380","277,054","298,172","271,803","253,729","43.25%"
"Short Term Investments","0","0","0","0","0","0","0","0","0","0","0","0.00%"
"Cash And Short Term Investments","189,734","293,270","217,824","176,300","1,750,815","1,171,335","264,380","277,054","298,172","271,803","253,729","43.25%"